shortcode,url,caption,date,location,likes
DRUbOuqkqhd,https://www.instagram.com/p/DRUbOuqkqhd/,"Fun Run Lamsel Fest 2025 pecaah!!!
Ribuan peserta tumpah ruah memenuhi rute—dari warga lokal hingga sahabat dari mancanegara—semuanya bersatu membawa energi positif untuk Lampung Selatan.

Terima kasih Mas Bupati Radityo Egi dan Ibu Bupati Zita Anjani yang terus menghadirkan semangat baru dan gelombang perubahan untuk Lamsel. Hari ini kita mencatat sejarah: Fun Run terbesar sepanjang penyelenggaraannya! 

Lampung Selatan makin hidup, makin membanggakan, dan terus naik level!
Lamsel menyala! 

Mention:
@thecrownofkrakatoa @zitaanjani @radityoegi @pemkab.lampungselatan

#LamselFest2025 #HUT69LampungSelatan #TheCrownOfKrakatoa #PesonaLamsel #ProudToBeLamsel",2025-11-21 12:51:09,,1
DRUZAFzkgCn,https://www.instagram.com/p/DRUZAFzkgCn/,"Aksi luar biasa di Selat Sunda! 
Rombongan jetski yang dipimpin @zitaanjani bersama Verrell Bramasta, Audrey King of The Jungle, dan Hassan Alaydrus berhasil menempuh ±30 KM dari Jakarta menuju Bakauheni untuk Opening Ceremony Lamsel Fest 2025! 

Bukan sekadar perjalanan—ini sejarah baru! HUT ke-69 Lampung Selatan dirayakan dengan cara yang penuh energi, keberanian, dan spirit pariwisata. Ombak besar pun tak mampu menghentikan mereka. Nelayan hingga penumpang kapal dibuat takjub menyaksikan momen langka ini! 

Selamat datang di panggung keajaiban baru pariwisata Lamsel! 
Bersama @thecrownofkrakatoa, @radityoegi, dan @pemkab.lampungselatan mari kita rayakan pesona Lampung Selatan yang semakin mendunia. 

#LamselFest2025 #HUT69LampungSelatan #TheCrownOfKrakatoa #PesonaLamsel #ProudToBeLamsel",2025-11-21 12:31:40,,1
DRLjkENE3Se,https://www.instagram.com/p/DRLjkENE3Se/,"Lamsel Fest 2025 dalam rangka HUT ke-69

* Perhelatan akbar Lamsel Fest 2025 dalam rangka HUT ke-69 Kabupaten Lampung Selatan sukses digelar selama tiga hari berturut-turut, menyisakan kenangan tak terlupakan bagi ribuan masyarakat yang memadati Lapangan Korpri. Acara ini berhasil memadukan pesta rakyat, atraksi olahraga ekstrem, hingga pelestarian budaya dalam satu panggung megah.

* Sorotan utama tertuju pada momen bersejarah pemecahan Rekor MURI Tari Tuping yang melibatkan 1.500 peserta, serta aksi memukau Jetski Lintas Selat Sunda ""Eksplorasi Gerbang Sumatera"" yang dipimpin langsung oleh Zita Anjani. Kemeriahan semakin lengkap dengan deretan konser musik lintas genre setiap malamnya, mulai dari penampilan Kerispatih hingga aksi panggung penutup yang ""pecah"" dari Silet Open Up dan pesta kembang api.

@thecrownofkrakatoa @zitaanjani @radityoegi @pemka.lampungselatan
#LamselFest2025 #HUT69LampungSelatan #TheCrownOfKrakatoa #PesonaLamsel #ProudToBeLamsel😍",2025-11-18 02:10:48,,1
DRLd1M2kjnB,https://www.instagram.com/p/DRLd1M2kjnB/,"Perhelatan akbar Lamsel Fest 2025 dalam rangka HUT ke-69 Kabupaten Lampung Selatan sukses digelar selama tiga hari berturut-turut, menyisakan kenangan tak terlupakan bagi ribuan masyarakat yang memadati Lapangan Korpri. Acara ini berhasil memadukan pesta rakyat, atraksi olahraga ekstrem, hingga pelestarian budaya dalam satu panggung megah. @zitaanjani @radityoegi @pemka.lampungselatan

#LamselFest2025 #HUT69LampungSelatan #TheCrownOfKrakatoa #PesonaLamsel  #ProudToBeLamsel",2025-11-18 01:20:43,,0
DRLdrqggWWZ,https://www.instagram.com/p/DRLdrqggWWZ/,"Perhelatan akbar Lamsel Fest 2025 dalam rangka HUT ke-69 Kabupaten Lampung Selatan sukses digelar selama tiga hari berturut-turut, menyisakan kenangan tak terlupakan bagi ribuan masyarakat yang memadati Lapangan Korpri. Acara ini berhasil memadukan pesta rakyat, atraksi olahraga ekstrem, hingga pelestarian budaya dalam satu panggung megah. @zitaanjani @radityoegi @pemka.lampungselatan

#LamselFest2025 #HUT69LampungSelatan #TheCrownOfKrakatoa #PesonaLamsel  #ProudToBeLamsel",2025-11-18 01:19:24,,0
DRLdhQTkjh4,https://www.instagram.com/p/DRLdhQTkjh4/,"Perhelatan akbar Lamsel Fest 2025 dalam rangka HUT ke-69 Kabupaten Lampung Selatan sukses digelar selama tiga hari berturut-turut, menyisakan kenangan tak terlupakan bagi ribuan masyarakat yang memadati Lapangan Korpri. Acara ini berhasil memadukan pesta rakyat, atraksi olahraga ekstrem, hingga pelestarian budaya dalam satu panggung megah. @zitaanjani @radityoegi @pemka.lampungselatan

#LamselFest2025 #HUT69LampungSelatan #TheCrownOfKrakatoa #PesonaLamsel  #ProudToBeLamsel",2025-11-18 01:17:59,,0
DRKOs23j71U,https://www.instagram.com/p/DRKOs23j71U/,"Perhelatan akbar Lamsel Fest 2025 dalam rangka HUT ke-69 Kabupaten Lampung Selatan sukses digelar selama tiga hari berturut-turut, menyisakan kenangan tak terlupakan bagi ribuan masyarakat yang memadati Lapangan Korpri. Acara ini berhasil memadukan pesta rakyat, atraksi olahraga ekstrem, hingga pelestarian budaya dalam satu panggung megah.

@thecrownofkrakatoa @zitaanjani @radityoegi @pemka.lampungselatan

#LamselFest2025 #HUT69LampungSelatan #TheCrownOfKrakatoa #PesonaLamsel  #ProudToBeLamsel",2025-11-17 13:49:15,,1
DRKOhevj71L,https://www.instagram.com/p/DRKOhevj71L/,"Perhelatan akbar Lamsel Fest 2025 dalam rangka HUT ke-69 Kabupaten Lampung Selatan sukses digelar selama tiga hari berturut-turut, menyisakan kenangan tak terlupakan bagi ribuan masyarakat yang memadati Lapangan Korpri. Acara ini berhasil memadukan pesta rakyat, atraksi olahraga ekstrem, hingga pelestarian budaya dalam satu panggung megah.

@thecrownofkrakatoa @zitaanjani @radityoegi @pemka.lampungselatan

#LamselFest2025 #HUT69LampungSelatan #TheCrownOfKrakatoa #PesonaLamsel  #ProudToBeLamsel",2025-11-17 13:47:42,,1
DRKMzyOD9th,https://www.instagram.com/p/DRKMzyOD9th/,"Perhelatan akbar Lamsel Fest 2025 dalam rangka HUT ke-69 Kabupaten Lampung Selatan sukses digelar selama tiga hari berturut-turut, menyisakan kenangan tak terlupakan bagi ribuan masyarakat yang memadati Lapangan Korpri. Acara ini berhasil memadukan pesta rakyat, atraksi olahraga ekstrem, hingga pelestarian budaya dalam satu panggung megah. #LamselFest2025 #HUT69LampungSelatan #TheCrownOfKrakatoa #PesonaLamsel
#ProudToBeLamsel",2025-11-17 13:32:44,,4
DRJivVsj-RC,https://www.instagram.com/p/DRJivVsj-RC/,"Pawai Budaya menjadi salah satu highlight utama Lamsel Fest 2025. Menggenapi keseruan Aksi Jetski Lintas Selat dan Fun Run yang berlangsung sebelumnya. Momentum ini memperlihatkan bahwa Lamsel Fest adalah event besar yang menggabungkan sport, budaya, dan hiburan dalam satu panggung rakyat.

@thecrownofkrakatoa @zitaanjani @radityoegi @pemka.lampungselatan

#LamselFest2025 #HUT69LampungSelatan #TheCrownOfKrakatoa #PesonaLamsel  #ProudToBeLamsel #ZulkifliHasan #MenkoPangan #PartaiAmanatNasional #bantupanganbanturakyat",2025-11-17 07:25:07,,0
DRJKQHRj5TP,https://www.instagram.com/p/DRJKQHRj5TP/,"Usai Fun Run, Zita Anjani Pungut Sampah di Lapangan Korpri: Beri Contoh Jaga Kebersihan Lingkungan. Zita mengajak masyarakat agar sama-sama jaga Lampung Selatan ini supaya Asri, Bersih, Rapih, dan Indah (ABRI). ""Kalau bukan kita yang mau menjaganya terus mau siapa lagi. Maka dari itu kita mulai dari hal-hal kecil untuk mempedulikannya dan menjaganya,"" pungkasnya.

@thecrownofkrakatoa @zitaanjani @radityoegi @pemka.lampungselatan
* Jangan lupa gunakan hastag:  #LamselFest2025 #HUT69LampungSelatan #TheCrownOfKrakatoa #PesonaLamsel  #ProudToBeLamsel",2025-11-17 03:51:08,,0
DRJBmFKj3RZ,https://www.instagram.com/p/DRJBmFKj3RZ/,"LAMSEL FEST 2025 BENAR-BENAR HEBOH! Ditutup hari ini (16/11) dengan pemandangan 1.500 penari Tari Tuping yang ""membanjiri"" Lapangan Korpri. Mereka sukses mencetak sejarah Rekor MURI ""Pagelaran Tari Tuping oleh Penari Terbanyak"". Ini jadi puncak sempurna Pesta Rakyat 3 hari HUT Ke-69 Lamsel, yang sebelumnya sudah dihebohkan Aksi Jetski Lintas Selat dan antusiasme Fun Run. Keren!

@thecrownofkrakatoa @zitaanjani @radityoegi @pemkab.lampungselatan
 #LamselFest2025 #HUT69LampungSelatan #TheCrownOfKrakatoa #PesonaLamsel  #ProudToBeLamsel",2025-11-17 02:35:30,,0
DRI_iiQDxjV,https://www.instagram.com/p/DRI_iiQDxjV/,"Dari start sampai finish, suasananya pecah! Fun Run Lamsel Fest 2025 jadi yang paling meriah sepanjang penyelenggaraannya. @thecrownofkrakatoa @zitaanjani @radityoegi @pemkab.lampungselatan
 #LamselFest2025 #HUT69LampungSelatan #TheCrownOfKrakatoa #PesonaLamsel  #ProudToBeLamsel",2025-11-17 02:17:32,,0
DRH2vZbAUNU,https://www.instagram.com/p/DRH2vZbAUNU/,"Lamsel Fest 2025 benar-benar pecah hari ini. Sejak pagi, jalanan Lampung Selatan dipenuhi lautan manusia yang tumpah ruah mengikuti Pawai Budaya. Ribuan warga hadir dengan antusias, menghadirkan iring-iringan panjang yang tidak pernah putus sepanjang jalur pawai. Sebuah momentum yang menunjukkan bahwa kebanggaan dan kecintaan masyarakat terhadap budaya daerah terus hidup dan semakin menguat. @zitaanjani @radityoegi 
#lamselfest2025 #thecrownofkrakatoa #pesonalamsel #hut69lampungselatan",2025-11-16 15:41:25,,0
DRHd81_AT22,https://www.instagram.com/p/DRHd81_AT22/,"Lamsel Fest 2025: Puncak Perayaan HUT ke-69 dengan Prestasi Spektakuler

Lamsel Fest 2025 resmi berakhir dengan gemilang, menorehkan prestasi spektakuler melalui pemecahan Rekor MURI “Pagelaran Tari Tuping oleh Penari Terbanyak” yang melibatkan 1.500 pelajar SMP se-Lamsel.

Rangkaian pesta rakyat selama tiga hari benar-benar menghadirkan antusiasme luar biasa mulai dari Aksi Jetski Lintas Selat, Fun Run yang dipadati peserta, hingga konser artis nasional setiap malam.

Perayaan HUT ke-69 Lampung Selatan tahun ini menjadi bukti bahwa kolaborasi, kreativitas, dan semangat masyarakat terus tumbuh kuat. Terima kasih kepada seluruh warga yang telah menjadikan Lamsel Fest 2025 begitu berkesan. @zul.hasan @zitaanjani @thecrownofkrakatoa @radityoegi 
#lamselfest2025 #hut69lampungselatan #thecrownofkrakatoa #pesonalamsel",2025-11-16 12:04:48,,0
DRHbRNVDwL9,https://www.instagram.com/p/DRHbRNVDwL9/,"SEJARAH BARU TERCIPTA! Lamsel Fest 2025 resmi ditutup hari ini (16/11) dengan pencapaian spektakuler: pemecahan Rekor MURI ""Pagelaran Tari Tuping oleh Penari Terbanyak"" oleh 1.500 pelajar SMP se-Lamsel! Ini jadi puncak sempurna Pesta Rakyat 3 hari HUT Ke-69 Lamsel! Antusiasme warga luar biasa, mulai dari Aksi Jetski Lintas Selat, antrian Fun Run yang membludak, hingga konser artis nasional tiap malam!

@thecrownofkrakatoa @zitaanjani @radityoegi @pemka.lampungselatan

#LamselFest2025 #HUT69LampungSelatan #TheCrownOfKrakatoa #PesonaLamsel  #ProudToBeLamsel",2025-11-16 11:41:21,,0
DRHa01oE_hR,https://www.instagram.com/p/DRHa01oE_hR/,"Penutupan Lamsel Fest 2025: Sejarah Baru dengan Rekor MURI Tari Tuping Terbanyak

Sejarah baru kembali tercipta di Kabupaten Lampung Selatan. Lamsel Fest 2025 resmi ditutup dengan pencapaian luar biasa melalui pemecahan Rekor MURI “Pagelaran Tari Tuping oleh Penari Terbanyak” yang melibatkan 1.500 pelajar SMP se Lamsel.

Momen ini menjadi puncak sempurna rangkaian Pesta Rakyat HUT Ke-69 Lamseldari aksi Jetski Lintas Selat, Fun Run yang membeludak, hingga konser artis nasional setiap malam.

Terima kasih atas antusiasme dan kebersamaan seluruh masyarakat. Lamsel Fest 2025 bukan hanya perayaan, tetapi bukti bahwa kebudayaan dan semangat gotong royong kita terus hidup dan berkembang
@zitaanjani @zul.hasan @thecrownofkrakatoa @radityoegi 
#lamselfest2025 #hut69lampungselatan #thecrownofkrakatoa #pesonalamsel #funrunlamsel",2025-11-16 11:37:29,,0
DRHaz4XD3zw,https://www.instagram.com/p/DRHaz4XD3zw/,"SEJARAH BARU TERCIPTA! Lamsel Fest 2025 resmi ditutup hari ini (16/11) dengan pencapaian spektakuler: pemecahan Rekor MURI ""Pagelaran Tari Tuping oleh Penari Terbanyak"" oleh 1.500 pelajar SMP se-Lamsel! Ini jadi puncak sempurna Pesta Rakyat 3 hari HUT Ke-69 Lamsel! Antusiasme warga luar biasa, mulai dari Aksi Jetski Lintas Selat, antrian Fun Run yang membludak, hingga konser artis nasional tiap malam!

@thecrownofkrakatoa @zitaanjani @radityoegi @pemka.lampungselatan

#LamselFest2025 #HUT69LampungSelatan #TheCrownOfKrakatoa #PesonaLamsel  #ProudToBeLamsel",2025-11-16 11:37:21,,0
DRHTFqOkiLr,https://www.instagram.com/p/DRHTFqOkiLr/,"LAMSEL FEST 2025 BENAR-BENAR HEBOH! Ditutup hari ini (16/11) dengan pemandangan 1.500 penari Tari Tuping yang ""membanjiri"" Lapangan Korpri. Mereka sukses mencetak sejarah Rekor MURI ""Pagelaran Tari Tuping oleh Penari Terbanyak"". Ini jadi puncak sempurna Pesta Rakyat 3 hari HUT Ke-69 Lamsel, yang sebelumnya sudah dihebohkan Aksi Jetski Lintas Selat dan antusiasme Fun Run. Keren!

- Mention: @thecrownofkrakatoa @zitaanjani @radityoegi @pemkab.lampungselatan
#LamselFest2025 #HUT69LampungSelatan #TheCrownOfKrakatoa #PesonaLamsel  #ProudToBeLamsel 

‎",2025-11-16 10:29:53,,1
DREyJiejz2R,https://www.instagram.com/p/DREyJiejz2R/,"Fun Run Lamsel Fest 2025 benar-benar pecah! Ribuan peserta tumpah ruah, dari warga lokal sampai sahabat dari mancanegara. Terima kasih Mas Bupati Radityo Egi dan Ibu Bupati Zita Anjani, semangat baru Lampung Selatan makin terasa. Lamsel terus menyala!

@thecrownofkrakatoa @zitaanjani @radityoegi @pemkab.lampungselatan

#LamselFest2025 #HUT69LampungSelatan #TheCrownOfKrakatoa #PesonaLamsel  #ProudToBeLamsel",2025-11-15 11:03:34,,0
DREx48Dj1EH,https://www.instagram.com/p/DREx48Dj1EH/,"Fun Run Lamsel Fest 2025 benar-benar pecah! Ribuan peserta tumpah ruah, dari warga lokal sampai sahabat dari mancanegara. Terima kasih Mas Bupati Radityo Egi dan Ibu Bupati Zita Anjani, semangat baru Lampung Selatan makin terasa. Lamsel terus menyala!

@thecrownofkrakatoa @zitaanjani @radityoegi @pemkab.lampungselatan

#LamselFest2025 #HUT69LampungSelatan #TheCrownOfKrakatoa #PesonaLamsel  #ProudToBeLamsel",2025-11-15 11:01:18,,0
DREvaASj7xN,https://www.instagram.com/p/DREvaASj7xN/,"Ribuan warga memenuhi Lapangan Korpri pada malam pembukaan Lamsel Fest & Expo 2025. Musik, cahaya, dan energi masyarakat bersatu menciptakan malam yang tak terlupakan. Kepemimpinan Mas Bupati Radityo Egi Pratama dan Ibu Bupati Zita Anjani kembali menjadi motor penggerak kemajuan budaya & pariwisata Lampung Selatan. Lamsel semakin berjaya.,Dari panggung megah hingga riuh sorak warga, malam pembukaan Lamsel Fest 2025 benar-benar mengguncang Kalianda! Di bawah arah Mas Bupati Radityo Egi Pratama dan Ibu Bupati Zita Anjani, festival ini menjadi bukti nyata kebangkitan event besar di Lampung Selatan. Kita siap menyambut hari-hari penuh kejutan berikutnya!

@thecrownofkrakatoa @zitaanjani @radityoegi @pemkab.lampungselatan
 #LamselFest2025 #HUT69LampungSelatan #TheCrownOfKrakatoa #PesonaLamsel  #ProudToBeLamsel 

‎",2025-11-15 10:39:36,,0
DREuLi1jxc2,https://www.instagram.com/p/DREuLi1jxc2/,"Dari panggung megah hingga riuh sorak warga, malam pembukaan Lamsel Fest 2025 benar-benar mengguncang Kalianda! Di bawah arah Mas Bupati Radityo Egi Pratama dan Ibu Bupati Zita Anjani, festival ini menjadi bukti nyata kebangkitan event besar di Lampung Selatan. Kita siap menyambut hari-hari penuh kejutan berikutnya!

 @thecrownofkrakatoa @zitaanjani @radityoegi @pemkab.lampungselatan
  #LamselFest2025 #HUT69LampungSelatan #TheCrownOfKrakatoa #PesonaLamsel  #ProudToBeLamsel 

‎",2025-11-15 10:28:53,,2
DREDW8PkxX7,https://www.instagram.com/p/DREDW8PkxX7/,"Sejarah baru Fun Run Lamsel Fest 2025 tercipta hari ini. Peserta membludak, energinya positif, dan wajah-wajah bahagia di sepanjang rute. Salut untuk kepemimpinan Mas Bupati Radityo Egi dan Ibu Bupati Zita Anjani yang menghadirkan gelombang perubahan di Lamsel.
•
•
•
@thecrownofkrakatoa @zitaanjani @radityoegi @pemkab.lampungselatan #LamselFest2025 #HUT69LampungSelatan #TheCrownOfKrakatoa #PesonaLamsel  #ProudToBeLamsel",2025-11-15 04:14:42,,1
DRCVLC4iVzm,https://www.instagram.com/p/DRCVLC4iVzm/,#zitaanjani #verrelbramasta #lamselfest2025 #hut69lampungselatan #pesonalamsel #proudtobelamsel,2025-11-14 12:11:53,,0
DRCKnEHj6t7,https://www.instagram.com/p/DRCKnEHj6t7/,"Kemeriahan  HUT Lampung Selatsn ke-69,  Opening Ceremony Lamsel Fest 2025  Anjani UKP Pariwisata, Verrell Bramasta, Audrey King of The Jungle & Hassan Alaydrus sukses tempuh ±30 KM & terobos ombak Selat Sunda.

@thecrownofkrakatoa @zitaanjani @radityoegi @pemkab.lampungselatan

#LamselFest2025 #HUT69LampungSelatan #TheCrownOfKrakatoa #PesonaLamsel  #ProudToBeLamsel",2025-11-14 10:39:35,,0
DRCKbBqjw9o,https://www.instagram.com/p/DRCKbBqjw9o/,"Kemeriahan  HUT Lampung Selatsn ke-69,  Opening Ceremony Lamsel Fest 2025  Anjani UKP Pariwisata, Verrell Bramasta, Audrey King of The Jungle & Hassan Alaydrus sukses tempuh ±30 KM & terobos ombak Selat Sunda.

@thecrownofkrakatoa @zitaanjani @radityoegi @pemkab.lampungselatan

#LamselFest2025 #HUT69LampungSelatan #TheCrownOfKrakatoa #PesonaLamsel  #ProudToBeLamsel",2025-11-14 10:37:57,,0
DRCFogMAesX,https://www.instagram.com/p/DRCFogMAesX/,"Perayaan spektakuler HUT Lamsel ke-69! 
Tahun ini, Lampung Selatan tampil berbeda dan penuh energi positif.

Aksi jetski yang ditunjukkan oleh @zitaanjani UKP Pariwisata) berhasil mencuri perhatian, sekaligus membawa semangat baru bagi perkembangan pariwisata daerah. vibes-nya benar-benar luar biasa! 💙✨

Tak kalah spesial, kehadiran menko pangan @zul.hasan ikut memeriahkan perayaan, menambah kehangatan dan dukungan bagi kemajuan Lamsel ke depan. 
#lamselfest2025 #hut69lampungselatan #thecrownofkrakatoa #pesonalamsel",2025-11-14 09:56:06,,0
DRCEsfTE8Cb,https://www.instagram.com/p/DRCEsfTE8Cb/,"Sejarah baru untuk Lampung Selatan!
Perayaan HUT ke-69 tahun ini hadir dengan warna berbeda meriah, enerjik, dan penuh semangat pariwisata. 

Aksi jetski ride dari rombongan Zita Anjani (UKP Pariwisata) memberikan nuansa segar bagi geliat wisata Lamsel, sekaligus menjadi simbol bahwa daerah ini siap melaju lebih cepat menuju kemajuan.

Kehadiran Menko Pangan Zulkifli Hasan menambah khidmat dan semangat kolaborasi untuk membangun Lamsel yang makin maju, kuat, dan berdaya saing. 🇮🇩
#lamselfest2025 #hut69lampungselatan #thecrownofkrakatoa #pesonalamsel",2025-11-14 09:47:54,,1
DRB9ll0kZoa,https://www.instagram.com/p/DRB9ll0kZoa/,"Bukan di jalan, tapi di air! Di HUT Lamsel ke-69, Zita Anjani UKP Pariwisata, Verrell Bramasta, Audrey King of The Jungle & Hassan Alaydrus sukses tempuh ±30 KM & terobos ombak Selat Sunda. 🌊

-#LamselFest2025 
#HUT69LampungSelatan 
#TheCrownOfKrakatoa 
#PesonaLamsel 
#ProudToBeLamsel 

‎",2025-11-14 08:45:48,,2
DRB07m_Adks,https://www.instagram.com/p/DRB07m_Adks/,"Join the Fun! Fun Run Lamsel Fest 2025 Menunggu Kamu! 🏃‍♂️✨
Siapkan sepatu lari dan energi terbaikmu!
Fun Run 5KM ini GRATIS untuk 5000 peserta dan penuh hadiah seru!❤️
#lamselfest2025 #hut69lampungselatan #thecrownofkrakatoa #pesonalamsel #funrunlamsel",2025-11-14 07:30:09,,0
DRBz9zbEzHK,https://www.instagram.com/p/DRBz9zbEzHK/,"Fun Run Lamsel Fest 2025 Energi Tanpa Batas!
5000 peserta, satu semangat! 🏃‍♂️🏃‍♀️✨
Dari Lapangan Korpri, kita berlari bareng dan rayakan pagi penuh energi!🔥
#lamselfest2025 #hut69lampungselatan #thecrownofkrakatoa #pesonalamsel #funrunlamsel",2025-11-14 07:21:43,,0
DRBzcCnEncb,https://www.instagram.com/p/DRBzcCnEncb/,"‎
Lampung Selatan bersiap menyambut kemeriahan *Lamsel Fest 2025!*🎉Digelar pada *14 sd 16 November 2025 di Lapangan Korpri*, festival ini menghadirkan semangat budaya, olahraga, dan kebanggaan daerah, serta sederet artis & performer kece. Yuk, hadir dan ramaikan bersama, jadikan momen ini ajang kebersamaan dan inspirasi bagi kita semua! 

  #LamselFest2025 #HUT69LampungSelatan #TheCrownOfKrakatoa #PesonaLamsel  #ProudToBeLamsel",2025-11-14 07:17:06,,2
DRBzQLtEgmw,https://www.instagram.com/p/DRBzQLtEgmw/,"‎ Bupati Lampung Selatan, H. Radityo Egi Pratama, S.Sos., M.M., menyambut gembira antusiasme warga. ""Luar biasa. Ini membuktikan semangat warga Lamsel. Ini adalah pesta dari kita, oleh kita, dan untuk kita. Seluruh rangkaian acara Lamsel Fest 2025 ini GRATIS dan TERBUKA UNTUK UMUM. Mari kita rayakan bersama,"" ujarnya, di siapkan 5.000 Pcs Jersey, Nomor dada (BIB) 6.000 Pcs dan Medali finisher 5.000 Pcs, semuanya GRATIS.
* ""Udah kayak bagi BLT!"" Begitu kata warga di lokasi. Rekaman ini menunjukkan antusiasme gila masyarakat untuk Lamsel Fest 2025. Baru antri Race Pack Fun Run aja udah seramai ini, di luar ekspektasi!
‎
‎#LamselFest2025 #HUT69LampungSelatan #TheCrownOfKrakatoa #PesonaLamsel  #FunRunLamsel",2025-11-14 07:15:29,,1
DRByX2tkhhY,https://www.instagram.com/p/DRByX2tkhhY/,"‎Lamsel Fest 2025!*🎉Digelar pada *14 sd 16 November 2025 di Lapangan Korpri*, festival ini menghadirkan semangat budaya, olahraga, dan kebanggaan daerah, serta sederet artis & performer kece. Yuk, hadir dan ramaikan bersama, jadikan momen ini ajang kebersamaan dan inspirasi bagi kita semua! 

  #LamselFest2025 #HUT69LampungSelatan #TheCrownOfKrakatoa #PesonaLamsel  #ProudToBeLamsel",2025-11-14 07:07:48,,1
DRBxKCLEpzh,https://www.instagram.com/p/DRBxKCLEpzh/,"Lampung Selatan bersiap menyambut kemeriahan *Lamsel Fest 2025!*🎉Digelar pada *14 sd 16 November 2025 di Lapangan Korpri*, festival ini menghadirkan semangat budaya, olahraga, dan kebanggaan daerah, serta sederet artis & performer kece. Yuk, hadir dan ramaikan bersama, jadikan momen ini ajang kebersamaan dan inspirasi bagi kita semua! 
‎#LamselFest2025 #HUT69LampungSelatan #TheCrownOfKrakatoa #PesonaLamsel  #ProudToBeLamsel",2025-11-14 06:57:10,,1
DRBw16fEg0l,https://www.instagram.com/p/DRBw16fEg0l/,"Bupati Lampung Selatan, H. Radityo Egi Pratama, S.Sos., M.M., menyambut gembira antusiasme warga. ""Luar biasa. Ini membuktikan semangat warga Lamsel. Ini adalah pesta dari kita, oleh kita, dan untuk kita. Seluruh rangkaian acara Lamsel Fest 2025 ini GRATIS dan TERBUKA UNTUK UMUM. Mari kita rayakan bersama,"" ujarnya, di siapkan 5.000 Pcs Jersey, Nomor dada (BIB) 6.000 Pcs dan Medali finisher 5.000 Pcs, semuanya GRATIS.
 #LamselFest2025 #HUT69LampungSelatan #TheCrownOfKrakatoa #PesonaLamsel  #funrunlamsel",2025-11-14 06:54:26,,1
DRBO5o9gS3B,https://www.instagram.com/p/DRBO5o9gS3B/,"Kemeriahan dan kebanggaan akan menyatu di *Lamsel Fest 2025!* Mulai dari *Jetski, 1500 Tari Tuping, hingga UMKM Expo*, semua jadi bukti semangat maju masyarakat Lampung Selatan. Tanggal 14 sd 16 November 2025 di *Lapangan Korpri* ayo hadir dan jadi bagian dari sejarah indah ini! ✨
#LamselFest2025 #HUT69LampungSelatan #TheCrownOfKrakatoa #PesonaLamsel  #ProudToBeLamsel #lamselfest2025 #budayalampung #lampunginsta",2025-11-14 01:57:50,,2
DRADbrsEnM9,https://www.instagram.com/p/DRADbrsEnM9/,"Antusiasme publik menyambut Lamsel Fest 2025 meledak di luar ekspektasi, bahkan sebelum acara resmi dibuka. Sebuah video amatir yang viral hari ini (13/11) merekam kerumunan ribuan warga yang berjubel saat mengantri race pack untuk agenda Fun Run. Saking padatnya, perekam video terdengar berseru, ""Udah kayak bagi BLT, ikut Fun Run juga tuh!"".

 #LamselFest2025 #HUT69LampungSelatan #TheCrownOfKrakatoa #PesonaLamsel  #FunRunLamsel",2025-11-13 14:58:23,,0
DRADFvwEo0N,https://www.instagram.com/p/DRADFvwEo0N/,"Fenomena antrian yang ""serasa pembagian BLT"" ini menjadi bukti nyata bahwa Lamsel Fest 2025 adalah pesta rakyat yang paling ditunggu-tunggu. Pesta akbar dalam rangka HUT Ke-69 Lampung Selatan ini akan dipusatkan di Lapangan Korpri, Kalianda, dan akan digelar besok, 14-16 November 2025. di siapkan 5.000 Pcs Jersey, Nomor dada (BIB) 6.000 Pcs dan Medali finisher 5.000 Pcs, semuanya GRATIS.

 #LamselFest2025 #HUT69LampungSelatan #TheCrownOfKrakatoa #PesonaLamsel  #FunRunLamsel",2025-11-13 14:55:24,,0
DRAC4QjAae1,https://www.instagram.com/p/DRAC4QjAae1/,"Bupati Lampung Selatan, H. Radityo Egi Pratama, S.Sos., M.M., menyambut gembira antusiasme warga. ""Luar biasa. Ini membuktikan semangat warga Lamsel. Ini adalah pesta dari kita, oleh kita, dan untuk kita. Seluruh rangkaian acara Lamsel Fest 2025 ini GRATIS dan TERBUKA UNTUK UMUM. Mari kita rayakan bersama,"" ujarnya, di siapkan 5.000 Pcs Jersey, Nomor dada (BIB) 6.000 Pcs dan Medali finisher 5.000 Pcs, semuanya GRATIS.

 #LamselFest2025 #HUT69LampungSelatan #TheCrownOfKrakatoa #PesonaLamsel  #FunRunLamsel",2025-11-13 14:53:33,,0
DQ_xo1mgQCp,https://www.instagram.com/p/DQ_xo1mgQCp/,"* Antusiasme publik menyambut Lamsel Fest 2025 meledak di luar ekspektasi, bahkan sebelum acara resmi dibuka. Sebuah video amatir yang viral hari ini (13/11) merekam kerumunan ribuan warga yang berjubel saat mengantri race pack untuk agenda Fun Run. Saking padatnya, perekam video terdengar berseru, ""Udah kayak bagi BLT, ikut Fun Run juga tuh!"".

#LamselFest2025 #HUT69LampungSelatan #TheCrownOfKrakatoa #PesonaLamsel  #FunRunLamsel",2025-11-13 12:22:54,,1
DQ_vrNWD9h5,https://www.instagram.com/p/DQ_vrNWD9h5/,"""Udah kayak bagi BLT!"" Begitu kata warga di lokasi. Rekaman ini menunjukkan antusiasme gila masyarakat untuk Lamsel Fest 2025. Baru antri Race Pack Fun Run aja udah seramai ini, di luar ekspektasi!

#LamselFest2025 #HUT69LampungSelatan #TheCrownOfKrakatoa #PesonaLamsel  #FunRunLamsel",2025-11-13 12:05:45,,0
DQ-7k7NEwWY,https://www.instagram.com/p/DQ-7k7NEwWY/,"Lamsel Fest 2025 is coming! Tanggal 14 sd 16 November 2025 di Lapangan Korpri, dengan sederet artis & performer kece, festival budaya, olahraga, dan UMKM terbesar akhir tahun! Jangan lewatkan, yuk kita ramaikan dan banggakan Lampung Selatan bersama! 
‎
#LamselFest2025 #HUT69LampungSelatan #TheCrownOfKrakatoa #PesonaLamsel  #proudtobelamsel",2025-11-13 04:30:30,,0
DQ-rGvyE_o6,https://www.instagram.com/p/DQ-rGvyE_o6/,"Lampung Selatan bersiap menyambut kemeriahan *Lamsel Fest 2025!*🎉Digelar pada *14 sd 16 November 2025 di Lapangan Korpri*, festival ini menghadirkan semangat budaya, olahraga, dan kebanggaan daerah, serta sederet artis & performer kece. Yuk, hadir dan ramaikan bersama, jadikan momen ini ajang kebersamaan dan inspirasi bagi kita semua! #LamselFest2025 #HUT69LampungSelatan #TheCrownOfKrakatoa #PesonaLamsel  #ProudToBeLamsel",2025-11-13 02:06:35,,0
DQ9bSlEjx4p,https://www.instagram.com/p/DQ9bSlEjx4p/,"Kemeriahan dan kebanggaan akan menyatu di *Lamsel Fest 2025!* Mulai dari *Jetski, 1500 Tari Tuping, hingga UMKM Expo*, semua jadi bukti semangat maju masyarakat Lampung Selatan. Tanggal 14 sd 16 November 2025 di *Lapangan Korpri* ayo hadir dan jadi bagian dari sejarah indah ini! ✨
‎
#LamselFest2025 #HUT69LampungSelatan #TheCrownOfKrakatoa #PesonaLamsel  #ProudToBeLamsel",2025-11-12 14:29:08,,0
DQ9XYT5D1kL,https://www.instagram.com/p/DQ9XYT5D1kL/,"Lamsel Fest 2025 is coming!* Tanggal 14 sd 16 November 2025 di Lapangan Korpri, dengan sederet artis & performer kece, festival budaya, olahraga, dan UMKM terbesar akhir tahun! Jangan lewatkan, yuk kita ramaikan dan banggakan Lampung Selatan bersama! 
 
#LamselFest2025 #HUT69LampungSelatan #TheCrownOfKrakatoa #PesonaLamsel  #ProudToBeLamsel",2025-11-12 13:54:58,,0
C6TfgulSDys,https://www.instagram.com/p/C6TfgulSDys/,"Hallo
Generasi Pesona Indonesia! 
Tabik Puun 🙌

Kali ini, Genpi Lampung Selatan lagi buka pendaftaran member baru nih. Bagi kalian yang memenuhi kriteria dan ingin bergabung untuk bersama-sama mengangkat potensi wisata, maupun potensi ekonomi kreatif di Kabupaten Lampung Selatan, boleh banget untuk mendaftar di Link, dan melakukan konfirmasi pendaftaran di nomor yang sudah tertera di flyer. 

Yuk, daftar 🙌

#genpilampungselatan #genpilamsel #genpilampung #genpiindonesia #pesonalamsel #lampungselatanamazing #lampungselatan",2024-04-28 12:07:15,,150
C6Lpu99Sd4i,https://www.instagram.com/p/C6Lpu99Sd4i/,"Tabikpun…

Pemilihan Muli Mekhanai Kabupaten Lampung Selatan th 2024 akan kembali di gelar oleh Dinas Pariwisata dan Kebudayaan Kabupaten Lampung Selatan.
Persiapkan diri kalian untuk menjadi peserta di ajang Pemilihan Muli Mekhanai Kabupaten Lampung Selatan 2024.

Info selengkapnya / Registrasi hubungi: 0813 7911 1998 ( Idkomsyah, SE., M.M. ) Atau 0852 6943 0736 ( Syamsul Nasri )

#lampungselatanamazing #wonderfullamsel #pesonalamsel #lampungselatan",2024-04-25 11:02:39,,9
Cwcf9W-yTAp,https://www.instagram.com/p/Cwcf9W-yTAp/,"KAWAI""
Jika Raden Intan II ""muda berjuang"" merebut kemerdekaan, Maka mari kita ""MUDA BERKARYA"" mengisi kemerdekaan itu.
Baju ini saya buat dan produksi masal karna terinspirasi dari bajunya pahlawan nasional dari Lampung yakni RADEN INTAN II.
Ya, Raden Intan II adalah salahsatu tokoh besar Indonesia yang saya kagumi dan menjadi inspirasi saya, kenapa?
Karna beliau adalah pahlawan yang masih muda (meninggal usia 22 tahun) yang rela meninggalkan masa mudanya untuk berjuang demi kemerdekaan orang banyak.

#budayalampung#senilampung#lampunggham#lampung#kelilinglampung#ilovelampung#lampungkeren#explorelampung#visitlampung#instalampung#lampunginsta#mtmalampung#lampungevent#lampungpunyacerita#insidelampung#lampunggeh#bandarlampung#radenintan#lampungselatan#lamsel#sumatera#mytripmyadventure#pesonaindonesia#exloreindonesian#pesonalamsel#indonesia_photography#indonesia#provinsilampung#lampunggeh#travelling_indonesiaku#gonevacations",2023-08-27 10:50:23,,40
CwcbY_DSGWu,https://www.instagram.com/p/CwcbY_DSGWu/,"- JAMBEL -
Dari keresahan para pengrajin anyaman yang sepi pembeli, maka saya kolaborasikan antara anyaman bambu apus & sulaman benang emas (Tapis) dalam balutan JAMBEL.
Semoga ini menjadi salahsatu solusi bagi pengrajin anyaman, sehingga produk anyaman bisa lebih berkembang kedepannya dengan berbagai jenis produk sehingga bisa lebih meningkatkan perekonomian para pengrajin anyaman.
Kedepan, kami akan coba juga membuat produk dengan kolaborasi berbagai jenis kerajinan agar budaya terus lestari & Bergenerasi. Aamiin, semoga terlaksana. 🤲🤲
""Budaya Bergenerasi, Generasi Berbudaya""💪

-Salai Produksi Tukkus-
Jl. Lama no.26 RT.02/01
Desa Kuripan Kec.penengahan
Lampung selatan
0823 7961 7238

#budayalampung#senilampung#lampunggham#lampung#kelilinglampung#ilovelampung#lampungkeren#explorelampung#visitlampung#instalampung#lampunginsta#mtmalampung#lampungevent#lampungpunyacerita#insidelampung#lampunggeh#bandarlampung#radenintan#lampungselatan#lamsel#sumatera#mytripmyadventure#pesonaindonesia#exloreindonesian#pesonalamsel#indonesia_photography#indonesia#provinsilampung#lampunggeh#travelling_indonesiaku#gonevacations",2023-08-27 10:10:28,,18
CZq_tbJA0es,https://www.instagram.com/p/CZq_tbJA0es/,"Kalau ngajak healing besti kalian ke Pantai apa Gunung?

Kalau ke @aranglampung udah pernah belum? Belum samaa ding dengan papmim 😀😀

Vt @meizijime 

Lokasi @aranglampung beach Merak Belantung Lampung Selatan Lampung

© All Rights and Credits reserved to the respective owner(s). Please contact us for credit or removal.

#selampung
#semestalampung
#dijadudi
#fotolampung
#lampung2022
#februariselampung 
#kaliandaig
#pesonalamsel",2022-02-07 09:55:27,,173
CXQIIClPvwm,https://www.instagram.com/p/CXQIIClPvwm/,"Menghealing sejenak menikmati keindahan alam Lampung 😍
.
Karya Hebat @biaqiashiramya
.
Tayang bareng keluarga @lensanuswantara
.
#lensanuswantara
#ln_20211127
#ln_biaqiashiramya
.
Kembangkan Nusantara Bersama Lensanuswantara
.
📍 Kalianda Lampung Selatan
.
========================================
Jangan lupa tag postinganmu dan bagikan keaslian Lampung yang keren banget bersama Aseli Lampung 😉. Tag @aselilampung, tambahkan hastag #aselilampung dan #aselijaklampung 👍👍👍
========================================
#lampung #lampungselatan #kalianda #pantai #laut #drone #natgeo #aselilampung #wisatalampung #pesonalamsel #wisatalamsel #aselijaklampung #explorelampung #lampungadventure #lampungkece #lampunghelau #lamsel #pantaiindonesia #lautindonesia #internationaldestination",2021-12-09 06:26:23,,9
CQ9VtLMFKeq,https://www.instagram.com/p/CQ9VtLMFKeq/,"""SAKAI WARISAN TUMBAI""
Kuy saksikan Si Bolang dari Lampung selatan
Hari Selasa, tgl 06 Juli 2021 pukul 12.00 wib Hanya di TRANS7

#budayalampung#senilampung#lampunggham#lampung#kelilinglampung#ilovelampung#lampungkeren#explorelampung#visitlampung#instalampung#lampunginsta#mtmalampung#lampungevent#lampungpunyacerita#insidelampung#lampunggeh#bandarlampung#radenintan#lampungselatan#lamsel#sumatera#mytripmyadventure#pesonaindonesia#exloreindonesian#pesonalamsel#indonesia_photography#indonesia#provinsilampung#lampunggeh#travelling_indonesiaku#gonevacations",2021-07-05 20:13:13,,60
CQ9VSKSsPaZ,https://www.instagram.com/p/CQ9VSKSsPaZ/,"""SAKAI WARISAN TUMBAI""
Kuy saksikan Si Bolang dari Lampung selatan
Hari Selasa, tgl 06 Juli 2021 pukul 12.00 wib Hanya di TRANS7

#budayalampung#senilampung#lampunggham#lampung#kelilinglampung#ilovelampung#lampungkeren#explorelampung#visitlampung#instalampung#lampunginsta#mtmalampung#lampungevent#lampungpunyacerita#insidelampung#lampunggeh#bandarlampung#radenintan#lampungselatan#lamsel#sumatera#mytripmyadventure#pesonaindonesia#exloreindonesian#pesonalamsel#indonesia_photography#indonesia#provinsilampung#lampunggeh#travelling_indonesiaku#gonevacations",2021-07-05 20:07:26,,56
CN8SFnws1fG,https://www.instagram.com/p/CN8SFnws1fG/,"""DISKON UNTUK SEDEKAH""
Salai Produksi TUKKUS memberikan Diskon Besar untuk pembelian produk Tukkus.
DISKON TERSEBUT BISA DI SEDEKAHKAN PEMBELI DI LINGKUNGANNYA MASING MASING atau dimanapun pembeli inginkan seperti ke Anak Yatim/piatu, Dhuafa, Guru Ngaji, atau bisa masjid di wilayahnya. Bisa juga dititipkan ke rumah produksi kami.
Daftar Diskon 👇👇 :
- Harga Rp.300.000 jadi Rp.200.000 (Diskon Rp.100.000 untuk sedekah)
- Rp.150.000 jadi Rp.100.000 (Diskon Rp.50.000)
- Rp.100.000 jadi Rp.75.000 (Diskon Rp.25.000)
- Rp.75.000 jadi Rp.55.000 (Diskon Rp.20.000)
- Rp.55.000 jadi Rp.40.000 (Diskon Rp.15.000).
Catatan:
*Promo ini terbatas & dimulai waktu postingan ini hingga waktu yg ditentukan (waktu akan di infokan).
*Diskon Sedekah tersebut 50% dari pembeli dan 50% dari rumah produksi Tukkus.

Salaam hormat & Semoga Bermanfaat 🙏🙏
SALAI PRODUKSI TUKKUS
Jl. Lama Desa Kuripan no.26 Rt.02/01
Kec.Penengahan Kab.Lampung Selatan
HP/WA: 082379617238

#budayalampung#senilampung#lampunggham#lampung#kelilinglampung#ilovelampung#lampungkeren#explorelampung#visitlampung#instalampung#lampunginsta#mtmalampung#lampungevent#lampungpunyacerita#insidelampung#lampunggeh#bandarlampung#radenintan#lampungselatan#lamsel#sumatera#mytripmyadventure#pesonaindonesia#exloreindonesian#pesonalamsel#indonesia_photography#indonesia#provinsilampung#lampunggeh#travelling_indonesiaku#gonevacations",2021-04-21 20:46:05,,70
CNW2uAxAfMZ,https://www.instagram.com/p/CNW2uAxAfMZ/,"Ngelihat dari gimiknya sih, keknya mereka lagi bahas ketahanan pangan negara. Serius bener!

#pesonalampung #pariwisata #pariwisatalampung #pariwisatalamsel #ayodolan #jalanjalan #pesonalampung #pesonalamsel #wonderfulindonesia #wonderfullampung",2021-04-07 07:55:02,,103
CNT4HMIAdBP,https://www.instagram.com/p/CNT4HMIAdBP/,"Colorfull frames
Suddenly I have been driven back alone and I still find myself being surrounded by colorfull frames 

#pematangsunrise #lamsel #pesonaindonesia #ayodolan #traveling #travellampung #travelphotography #lampunghits #pesonalampung #pesonalampung #pesonaindonesia #pesonalamsel #wonderfulindonesia #wonderfullindonesia #wonderful_places",2021-04-06 04:09:29,,83
CI7FJs1lE07,https://www.instagram.com/p/CI7FJs1lE07/,"Viewnya bagusss 😊🍃
.

.
.
#pejuangbaper #baperparah #dagelan #dagelanjowo #pejuangsubuh #kangen #catatanfilm #pathdaylistory #quotesindonesia #quotesoftheday #lambenyinyir #videogalaubaper #prestigeholics #katakatacinta #kata2cewek #kata2sindiranbuatpacar #statuswhatsapp #whatsapp #storywhatsapp #pesonalamsel #exploreindonesia #explorelampung #explorelampungselatan #pesonalampung",2020-12-18 02:56:50,,28
CIXVbsXnX0u,https://www.instagram.com/p/CIXVbsXnX0u/,"""Budaya Indonesia, Identitas bangsa""

Indonesia kaya sumber daya
Dari alam hingga manusianya
Anggun budaya identitas bangsa
Lestarikan agar kita terus bermahkota

Indonesia butuh pemuda pemudi
Sebagai roda generasi kemajuan pertiwi
Agar terus berinovasi dalam produksi
Ini bukan tentang hasil dan pretasi
Tapi DEDIKASI ANAK NEGERI

Dunia niaga teruslah gencar
Agar ekonomi bangsa berjalan lancar
Bukan tentang usaha kecil atau besar
Tapi agar pembangunan terus berkobar

""Budaya Bergenerasi, Generasi Berbudaya""
Mari kita bangga akan produk indonesa

#budayalampung#senilampung#lampunggham#lampung#kelilinglampung#ilovelampung#lampungkeren#explorelampung#visitlampung#instalampung#lampunginsta#mtmalampung#lampungevent#lampungpunyacerita#insidelampung#lampunggeh#bandarlampung#radenintan#lampungselatan#lamsel#sumatera#mytripmyadventure#pesonaindonesia#exloreindonesian#pesonalamsel#indonesia_photography#indonesia#provinsilampung#lampunggeh#travelling_indonesiaku#gonevacations",2020-12-04 06:09:57,,113
CFBK2C6jtZF,https://www.instagram.com/p/CFBK2C6jtZF/,"Pantai Tapak Kera Kalianda Lampung Selatan

#Repost @atent_
• • • • • •

Hari berganti angin tetap berhembus  cuaca berubah daun daun tetap tumbuh.
.
.
📌pantai tapak kera, kalianda, lampung selatan, lampung
.
#lampunggeh #lampung #pesonaindonesia #pesonaindonesiaofficial #pesonalampung #pesonalamsel #kalianda #lampunginsta #travelgram #lampunghits",2020-09-12 01:36:26,,120
B_O7p2UAlej,https://www.instagram.com/p/B_O7p2UAlej/,"Ada yang tau ini di mana?? Foto: @khaja_muda_lampung

Lokasi: #TuguRatoNago Taman Sahabat Kota Bumi, Lampung 
#Selampung
#SemestaLampung
#FotoLampung
#InfoWisata
#WisataLampung 
#Lampung2020

#lampungutara #genpilampung#lampunggham#lampung#kelilinglampung#ilovelampung#lampungkeren#explorelampung#visitlampung#instalampung#lampunginsta#mtmalampung#lampungevent#lampungpunyacerita#insidelampung#lampunggeh#bandarlampung#radenintan#sumatera#mytripmyadventure#pesonaindonesia#exloreindonesian#pesonalamsel",2020-04-21 06:44:42,,577
B-HhH58JeGC,https://www.instagram.com/p/B-HhH58JeGC/,"#Repost @karamellaudi
• • • • • •
Krakatau Kahai Beach Hotel

Jika tidak bisa menjaga satu hati,bgaimana bisa mempertahankan dua cinta.. .
.
📍Kahai beach,kalianda Lamsel
📸 Riyantajuddin
.
wajahlampung #lampungexplore  #berandalampung #inilampungyay #ilovelampung #lampungmoment #selampung #lampungindonesia #pesonalampung #travellerlampung #jalanbareng #potretlampung #lampungpedia #pikniklampung #lampungeksis #sanaktraveller #petualanglampung #parapejalanlampung
#pesonalamsel #waterfall #holiday #lampunginsta #petualanglampung#kahaibeach #bangrepost #inilampung",2020-03-24 13:06:48,,41
B9ZFuBHHxxU,https://www.instagram.com/p/B9ZFuBHHxxU/,"Reposted from @rinjani14314 -  Kabupaten Lampung Selatan memiliki beragam pesona wisata yang tak kalah indahnya dengan daerah lain.
Semua dirangkum menjadi bagian dalam Pesona Indonesia.
.
.
📍Kab. Lampung Selatan
.
MDF📷@rinjani14314 @rifkiardijulian
FG🎥@sigit_a_nugroho @aeriallampung
.
#lampungselatanig #pariwisatalamsel #pesonalamsel #wonderfulkalianda #pesonalampung #lampungmoment #lampungeksis #lampungtourism #selampung #lampunggram #kalianda #kaliandaig #pariwisata #pariwisatalampung #medialampung #dronekalianda #gunungbatu #embebeach #eltykrakatoa #pulausebesi #pulauumang #pulaumengkudu #pantaiminangrua #waytwbingceppa #airterjunwaytayas #waybelerang #lampunggram #eksplorelampung",2020-03-06 12:22:40,,106
B8Y0SRXnFM6,https://www.instagram.com/p/B8Y0SRXnFM6/,"""Penjara Terburuk Adalah Pemikiran Sempit""

Lokasi:
Dusun Banyurip, Desa Kuripan kec.penengahan Lampung Selatan.

#genpilampung#lampunggham#lampung#kelilinglampung#ilovelampung#lampungkeren#explorelampung#visitlampung#instalampung#lampunginsta#mtmalampung#lampungevent#lampungpunyacerita#insidelampung#lampunggeh#bandarlampung#radenintan#lampungselatan#lamsel#sumatera#mytripmyadventure#pesonaindonesia#exloreindonesian#pesonalamsel#indonesia_photography#indonesia#provinsilampung#lampunggeh#travelling_indonesiaku#gonevacations",2020-02-10 13:18:33,,38
B7uWzcEAaPo,https://www.instagram.com/p/B7uWzcEAaPo/,"#Repost @aeriallampung
• • • • • •
.
Sebuah perjalanan menyusuri keindahan wisata yang ada di Lampung Selatan.
Suguhan pesona alam dari air terjun hingga pasir putihnya mengajak kita untuk menikmatinya.

Yuk eksplorasi Lampung the treasure of Sumatra

@pariwisata_lampung
.
lagu by @nikki_nick04 Negeri Khayalan.
.
#aeriallampung #aerialvideo #beach #bricabsteadypro #bricaindonesia #djisparkindonesia #explorelamsel #exploreindonesia #globaltravelgram #indonesia #idtravelers #indonesiatravel #jalanjalankelampung #kalianda #lamsel #lampungthetreasureofsumatra #negeriyangindah #negerikhayalan #nickyastria #pariwisatalampung #pesonalamsel #sigitanugroho #wonderfulkalianda",2020-01-25 01:33:29,,15
B7tPPWRAvUN,https://www.instagram.com/p/B7tPPWRAvUN/,".
Sebuah perjalanan menyusuri keindahan wisata yang ada di Lampung Selatan.
Suguhan pesona alam dari air terjun hingga pasir putihnya mengajak kita untuk menikmatinya.
.
lagu by @nikki_nick04 Negeri Khayalan.
.
#aeriallampung #aerialvideo #beach #bricabsteadypro #bricaindonesia #djisparkindonesia #explorelamsel #exploreindonesia #globaltravelgram #indonesia #idtravelers #indonesiatravel #jalanjalankelampung #kalianda #lamsel #lampungthetreasureofsumatra #negeriyangindah #negerikhayalan #nickyastria #pariwisatalampung #pesonalamsel #sigitanugroho #wonderfulkalianda",2020-01-24 15:12:29,,36
B7pKLmMAudx,https://www.instagram.com/p/B7pKLmMAudx/,"Selamat Pagi
Kham Seunyinni
Tabik Pun..
.
Segarnya mandi
ditengah alam nan asri
.
Posted @withregram • @aeriallampung .
Dinginnya air pegunungan selalu mengundang kerinduan untuk selalu bercumbu bersama alam.
.
Lokasi Way Tayas Desa Pangkul Pesisir Kalianda.
.
@wonderful.kalianda
@pariwisata_lampung
@parekraf_ri
.
#aeriallampung #bpro5alphaedition #explore #exploreindonesia #globaltravelgram #hutankulestari #indonesia #indonesiatravel #indonesia_traveler #idtravelers #jalanjalankelampung #kalianda #lampung #lampungselatan #pariwisatalampung #pesonalampung #pesonalamsel #sigitanugroho #waytayas
#LampungYangBerjaya #Lampungthetreasureofsumatra #pesonaindonesia",2020-01-23 01:06:20,,123
B7naGGWAb5K,https://www.instagram.com/p/B7naGGWAb5K/,".
Dinginnya air pegunungan selalu mengundang kerinduan untuk selalu bercumbu bersama alam.
.
Lokasi Way Tayas Desa Pangkul Pesisir Kalianda.
.
#aeriallampung #bpro5alphaedition #explore #exploreindonesia #globaltravelgram #hutankulestari #indonesia #indonesiatravel #indonesia_traveler #idtravelers #jalanjalankelampung #kalianda #lampung #lampungselatan #pariwisatalampung #pesonalampung #pesonalamsel #sigitanugroho #waytayas",2020-01-22 08:46:54,,42
B7lsbN8gEpB,https://www.instagram.com/p/B7lsbN8gEpB/,".
Menyusuri pasir Pulau Mengkudu layaknya menyusuri kehidupan yang penuh dengan deburan problematika yang pasang surut.
.
Lokasi Pulau Mengkudu desa Totohardjo Lampung Selatan.
.
#aeriallampung #aerialvideo #beach #djisparkindonesia #drone_id #droneindonesia #dronevideo #explore #exploreindonesia #globaltravelgram #indonesia #indonesiatravel #indonesia_traveler #idtravelers #jalanjalankelampung #kalianda #lampung #lampungthetreasureofsumatra #lampungselatan #mengkudu #mengkuduisland #pariwisataindonesia #pariwisatalampung #pariwisatalamsel #pesonaindonesia #pesonalampung #pesonalamsel #pulaumengkudu #sigitanugroho #wonderfulindonesia",2020-01-21 16:49:24,,48
BuJi2M4nxl4,https://www.instagram.com/p/BuJi2M4nxl4/,"Coming Soon!
Destinasi Wisata Baru Lampung Selatan.. #genpilampung#lampunggham#lampung#kelilinglampung#ilovelampung#lampungkeren#explorelampung#visitlampung#instalampung#lampunginsta#mtmalampung#lampungevent#lampungpunyacerita#insidelampung#lampunggeh#bandarlampung#radenintan#lampungselatan#lamsel#sumatera#mytripmyadventure#pesonaindonesia#exloreindonesian#pesonalamsel#indonesia_photography#indonesia#provinsilampung#lampunggeh#travelling_indonesiaku#gonevacations",2019-02-21 15:38:39,,91
BtMxbNTnTk5,https://www.instagram.com/p/BtMxbNTnTk5/,"ini bukan lukisan loh..
Saya menyebutnya ""Hutan Mini"".
Aslinya lebih sejuk banget kalo liatnya, kalo puto mah biasa aja ini karna kamira hape saya kurang kece..
😄😄😄
Loc.Lubuk Kec.Kalianda Lamsel #genpilampung#lampunggham#lampung#kelilinglampung#ilovelampung#lampungkeren#explorelampung#visitlampung#instalampung#lampunginsta#mtmalampung#lampungevent#lampungpunyacerita#insidelampung#lampunggeh#bandarlampung#radenintan#lampungselatan#lamsel#sumatera#mytripmyadventure#pesonaindonesia#exloreindonesian#pesonalamsel#indonesia_photography#indonesia#provinsilampung#lampunggeh#travelling_indonesiaku#GoneVacations",2019-01-29 01:11:45,,72
BtLtI0hn3pn,https://www.instagram.com/p/BtLtI0hn3pn/,"""Tukkus""
Adalah penutup kepala khas Lampung.
Tukkus ini kami bandrol Cuma Rp.125 rb aja.
Harga tukkus mulai dari 55rb, 65rb, 75rb, 95rb, 125rb - 300rb sesuai warna dan bahan..
Tersedia no.ukuran:
dewasa 5,6,7,8,9 & All Size
Anak-anak 2,3,4,5 & All Size
Bisa kirim lewat paket JNE, TIKI dll..
Jika berminat silahkan pesan melalui WA atau datang langsung ke rumah produksi TUKKUS:
""Rumah Akar Raja Baca""
Jl. Lama
Desa Kuripan no.26 Rt.02/01
kec.penengahan Lampung Selatan.
Hp & WA : 082379617238

#tukkus#pecilampung#topilampung#penutupkepalakhaslampung#lampung#tapislampung#lampungselatan#senibudayalampung#souvenirlampung#oleholehlampung#explorelampung#wisatalampung#kerajinantanganlampung#tapislampung#pesonalampung#genpilampung#lampunggham#pesonaindonesia#lampungcraft#oleholehlampung#explorelampung#wisatalampung#kerajinantanganlampung#tapislampung#pesonalampung#radenintan#lampungselatan#lamsel#sumatera#mytripmyadventure#pesonaindonesia#exloreindonesian#pesonalamsel#indonesia_photography#indonesia#provinsilampung#lampunggeh#travelling_indonesiaku#GoneVacations",2019-01-28 15:15:03,,59
BmNrhfdh3P3,https://www.instagram.com/p/BmNrhfdh3P3/,"Janji yang kamu katakan dulu, tenggelam juga menemui ajalnya menjelang malam.
Rupanya aku terlalu pagi mencintaimu 🖖🖖🖖 #riseandshine #sunrise #kaliandaig #kalianda #kaliandahits #kaliandacity #pesonaindonesia #pesonalampung #pesonalamsel",2018-08-08 09:59:40,,16
BiEtWMHg9JS,https://www.instagram.com/p/BiEtWMHg9JS/,"Senja di pantai Belebuk - Bakauheni.
Lampung Selatan
INDONESIA

#genpilampung#lampunggham#lampung#kelilinglampung#ilovelampung#lampungkeren#explorelampung#visitlampung#instalampung#lampunginsta#mtmalampung#lampungevent#lampungpunyacerita#insidelampung#lampunggeh#bandarlampung#radenintan#lampungselatan#lamsel#sumatera#mytripmyadventure#pesonaindonesia#exloreindonesian#pesonalamsel#indonesia_photography#indonesia#provinsilampung#lampunggeh#travelling_indonesiaku#GoneVacations",2018-04-27 12:16:51,,52
BiB8GA7AOJ2,https://www.instagram.com/p/BiB8GA7AOJ2/,"Cukup syair yang berdarah darah
Cukup lembayung yang memerah
Tapi aku takkan diam dan pasrah
Jika harus terpisah.

Biarlah lenyap Kidung Pamungkasku
Biarlah mati tanpa sakti beradu
Biarlah raga di rajam pilu rindu
Tapi kau tetap kekasihku
Takkan kulepas seujung kuku

Aku takkan pulang sebelum terbenam
Aku takkan mundur sebelum tertidur
Biar, jika memang batara menghukum raga
Tapi takkan kubiarkan memisahkan cinta.

Loc: Pantai Belebuk - Dibawah kaki gunung Rajabasa Lampung Selatan.

#genpilampung#lampunggham#lampung#kelilinglampung#ilovelampung#lampungkeren#explorelampung#visitlampung#instalampung#lampunginsta#mtmalampung#lampungevent#lampungpunyacerita#insidelampung#lampunggeh#bandarlampung#radenintan#lampungselatan#lamsel#sumatera#mytripmyadventure#pesonaindonesia#exloreindonesian#pesonalamsel#indonesia_photography#indonesia#provinsilampung#lampunggeh#travelling_indonesiaku#GoneVacations",2018-04-26 10:28:00,,58
Bh_TiDbgWyZ,https://www.instagram.com/p/Bh_TiDbgWyZ/,"""Pulau Sekepol""
Pulau kecil ini menjadi salah satu saksi sejarah di masa penjajahan Belanda, karna pulau ini menjadi salah satu tempat perlabuhan kapal kapal Belanda pada masa itu.
Tak hanya sejarahnya,,namun keindahannya juga luar biasa indah.
""Sekepol"" di ambil dari bahasa Lampung yg berarti ""Segenggam"". Karna mungkin pulau ini hanya pulau kecil, namun keindahannya Besar tidak sekecil namanya.
Pulau ini berdampingan sangat dekat dengan pulau Mengkudu yang juga mempesona. Didalam pulau ini begitu indah dengan air yang jernih,kitapun bisa menikmati Sunrise dan Sunset yg begitu indah..
Untuk ke pulau sekepol dan mengkudu bisa melewati beberapa rute, Dari desa Kunjir, Pantai Minang Khua, yang paling terdekat dari ""Pantai Belebuk"" Desa Totoharjo Kec.Bakauheni. untuk sewa perahu trip Belebuk-Sekepol_Mengkudu Rp.20-25rb/orang PP.

#genpilampung#lampunggham#lampung#kelilinglampung#ilovelampung#lampungkeren#explorelampung#visitlampung#instalampung#lampunginsta#mtmalampung#lampungevent#lampungpunyacerita#insidelampung#lampunggeh#bandarlampung#radenintan#lampungselatan#lamsel#sumatera#mytripmyadventure#pesonaindonesia#exloreindonesian#pesonalamsel#indonesia_photography#indonesia#provinsilampung#lampunggeh#travelling_indonesiaku#GoneVacations",2018-04-25 09:55:05,,66
Bh_NvEIgpmR,https://www.instagram.com/p/Bh_NvEIgpmR/,"""Bekhilang Sippokh""
Wisata Gratis.!
Tempat wisata pemandian air panas dan hangat ini selalu ramai pengunjung.
Tak hanya warga sekitaran ""Way Belerang Simpur"" Lampung Selatan saja, namun banyak pula dari luar kota yang berkunjung untuk menikmati suasana alam pegunungan. Seperti teman-teman kita ini ada yg dari Bandar Lampung, Lampung Barat dan Way Kanan. Tak hanya menikmati suasana pegunungan  namun kita bisa memanjakan diri menghilangkan lelah setelah beraktifitas seharian juga pun airnya untuk kesehatan tubuh kita dengan mandi air panas di situ.
Ada 3 air alam yang di sajikan:
-Air Belerang
-Air Panas (tak berbau belerang)
-Air Hangat (tak berbau belerang)
Untuk memasuki kawasan ini Anda tak perlu membayar biaya masuk sepeserpun, terkecuali parkir mobil harus membayar jasa parkir.
Untuk memasuki wilayah ini kita bisa masuk dari desa Bebulang dan Kecapi kec.Kalianda.
Akses Jalan pun sangat bagus dan tidak jauh dari kota Kalianda.
@nuvusa
@juliuscaesar1907
#genpilampung#lampunggham#lampung#kelilinglampung#ilovelampung#lampungkeren#explorelampung#visitlampung#instalampung#lampunginsta#mtmalampung#lampungevent#lampungpunyacerita#insidelampung#lampunggeh#bandarlampung#radenintan#lampungselatan#lamsel#sumatera#mytripmyadventure#pesonaindonesia#exloreindonesian#pesonalamsel#indonesia_photography#indonesia#provinsilampung#lampunggeh#travelling_indonesiaku#GoneVacations",2018-04-25 09:04:26,,61
Bh13_iABszd,https://www.instagram.com/p/Bh13_iABszd/,"Lampung Punya Apa?
Yaa lampung juga punya.!! Di indonesia banyak sekali ciri khas penutup/ikat kepala,salah satunya:Makasar(Pasapu),Bali(udeng),jawa(blangkon),Sunda(Totopong/ iket), Riau(Tanjak), Madura(ublang), Aceh(Kupiah Meukutob) Dll. Tak mau kalah,di lampung khususnya daerah saya lampung selatanpun ada ikat kepala ciri khas sendiri namun masih jarang dipakai masyarakat luas. Pada umumnya bernama ""Kikat"", namun ada pula""Tukkus"". Perbedaannya adalah,jika kikat biasanya dipakai kaum lelaki dalam acara adat, sementara Tukkus bisa dipakai dalam keseharian dan bisa juga adat.Mayoritas Kikat Dominan berwarna merah,demikian pula dengan Tukkus yang sering saya pakai berwarna merah.
Kikat sendiri punya banyak jenis,bahkan ada pula yang menyebutnya Ketupung/Tupung.
Sudah hampir - +3 tahun terakhir saya memakai ikat/penutup kepala""Tukkus""dalam sehari hari ataupun diacara publik,saya tak perduli penilaian orang lain terhadap saya apa & bagaimana.Ini bukan sekedar Style ataupun gagah-gagahan, karna tujuan saya hanya MELESTARIKAN BUDAYA dan untuk mengenalkan pada dunia, bahwa lampungpun punya ikat kepala sendiri.Setidaknya hal kecil itu yang bisa saya perbuat untuk lestarinya budaya lampung tercinta ini. Pada kesempatan episode Si Bolang,sayapun mengenalkan pada team Trans7 agar si bolang dipakaikan""Tukkus"".
Okelahh,,apapun sebutannya tutup kepala saya ini yang pasti LAMPUNG ITU KAYA BUDAYA. itu intinya!
Saya berharap kedepan akan lebih banyak lagi pemuda-pemuda lampung yang memakai Tukkus, agar kekayaan lampung terus bergenerasi dan lebih berkembang.
KENAPA PAKAI PUNYA ORANG KALAU KITA SENDIRI PUNYA?? Catatan: warna dan motif kain,serta bentuk Tukkus itu tidak permanen(tetap). Bisa berubah bentuk dan bisa sesuai selera kita masing-masing dalam memakainya.Mohon maaf jika ada yg salah, karna belajar itu butuh proses.
#TUKKUS #IKATKEPALAKHASLAMPUNG #genpilampung#lampunggham#lampung#kelilinglampung#explorelampung#visitlampung#instalampung#lampunginsta#mtmalampung#lampungevent#lampungpunyacerita#insidelampung#lampunggeh#bandarlampung#radenintan#lampungselatan#lamsel#sumatera#mytripmyadventure#pesonaindonesia#exloreindonesian#pesonalamsel#indonesia_photography#indonesia",2018-04-21 18:04:12,,85
Bhsu-8ZAI8N,https://www.instagram.com/p/Bhsu-8ZAI8N/,"Wahhh,, akhirnya ""Si Bolang"" dari Pesisir - Lampung Selatan tayang juga nih teman..! Ada tradisi budaya ""Mandi Belangekh"" yang sudah jarang dipakai jaman sekarang. 
Si Bolang juga membuat alat musik di airpancuran yang bahannya dari sampah dipantai. 
Selain itu ada juga nih cara tradisional mencari Lobster.
Kalau sakit perut karna terlalu banyak makan duren, si bolang sudah tau obatnya. 
Masih banyak deh keseruan Si Bolang dan kawan-kawan. 
Kita tonton aja ya.. Tanggal: 18 April 2018
Pukul : 14.00 Wib
Hanya di ""Si Bolang"" TRANS7. 
Jangan lupa nonton yaaa.!!!! #genpilampung#lampunggham#lampung#kelilinglampung#ilovelampung#lampungkeren#explorelampung#visitlampung#instalampung#lampunginsta#mtmalampung#lampungevent#lampungpunyacerita#insidelampung#lampunggeh#bandarlampung#radenintan#lampungselatan#lamsel#sumatera#mytripmyadventure#pesonaindonesia#exloreindonesian#pesonalamsel#indonesia_photography#indonesia#provinsilampung#lampunggeh#travelling_indonesiaku#GoneVacations",2018-04-18 04:49:23,,61
BhNc48cFtXN,https://www.instagram.com/p/BhNc48cFtXN/,"Bermimpilah setinggi langit meskipun kelihatannya seperti mustahil. Jika dilakukan, kadang yang kelihatan mustahil menjadi tidak mustahil. 🏁
.
Lok📍 Teluk Nipah, Lampung Selatan, Lampung 🇮🇩
#pokdarwislampung 
#visit 
#visitlamsel 
#visitindo 
#visitindonesia 
#explore 
#explorelamsel 
#explorelampung 
#exploreindonesia 
#pesona 
#pesonalamsel 
#pesonaindonesia 
#wonderfulindonesia
#wonderful_places 
#wonderfuldays 
#wonderfullampung 
#panoramaindonesia
#travelholic 
#travelling 
#travel 
#travelbag 
#photostudio 
#photography 
#photo
#photos
#sunsets 
#sunset",2018-04-06 01:14:49,,138
BhDyFo3gCTM,https://www.instagram.com/p/BhDyFo3gCTM/,"Lambat laun Pulau mengkudu sudah menjadi tujuan wisatawan mancanegara,hampir setiap bulan ada saja turis asing yang berwisata ke pulau mengkudu.
📷 By : @yodistara 
#PulauMengkudu 
#mengkuduisland 
#pesonalamsel
#pesonaindonesia 
#kemenpar 
#pelitaid 
#komunitaspelita",2018-04-02 07:07:39,,24
BesKduDhr2p,https://www.instagram.com/p/BesKduDhr2p/,"Lagi musim rambutan, saya juga dong upload buah rambutan.. #genpilampung#lampunggham#lampung#kelilinglampung#ilovelampung#lampungkeren#explorelampung#visitlampung#instalampung#lampunginsta#mtmalampung#lampungevent#lampungpunyacerita#insidelampung#lampunggeh#bandarlampung#radenintan#sumatera#mytripmyadventure#pesonaindonesia#exloreindonesian#pesonalamsel#indonesia_photography#indonesia#provinsilampung#lampunggeh#travelling_indonesiaku#GoneVacations",2018-02-02 09:57:42,,79
BeLmGW5gc1a,https://www.instagram.com/p/BeLmGW5gc1a/,"Saya kira kepala ular.. #animals

#genpilampung#lampunggham#lampung#kelilinglampung#ilovelampung#lampungkeren#explorelampung#visitlampung#instalampung#lampunginsta#mtmalampung#lampungevent#lampungpunyacerita#insidelampung#lampunggeh#bandarlampung#radenintan#lampungselatan#lamsel#sumatera#mytripmyadventure#pesonaindonesia#exloreindonesian#pesonalamsel#indonesia_photography#indonesia#provinsilampung#lampunggeh#travelling_indonesiaku#GoneVacations",2018-01-20 18:22:38,,50
BeJFCviA92I,https://www.instagram.com/p/BeJFCviA92I/,#genpilampung#lampunggham#lampung#kelilinglampung#ilovelampung#lampungkeren#explorelampung#visitlampung#instalampung#lampunginsta#mtmalampung#lampungevent#lampungpunyacerita#insidelampung#lampunggeh#bandarlampung#radenintan#lampungselatan#lamsel#sumatera#mytripmyadventure#pesonaindonesia#exloreindonesian#pesonalamsel#indonesia_photography#indonesia#provinsilampung#lampunggeh#travelling_indonesiaku#GoneVacations,2018-01-19 18:55:18,,55
BeJDwfrAIbN,https://www.instagram.com/p/BeJDwfrAIbN/,#genpilampung#lampunggham#lampung#kelilinglampung#ilovelampung#lampungkeren#explorelampung#visitlampung#instalampung#lampunginsta#mtmalampung#lampungevent#lampungpunyacerita#insidelampung#lampunggeh#bandarlampung#radenintan#lampungselatan#lamsel#sumatera#mytripmyadventure#pesonaindonesia#exloreindonesian#pesonalamsel#indonesia_photography#indonesia#provinsilampung#lampunggeh#travelling_indonesiaku#GoneVacations,2018-01-19 18:44:04,,48
BeIuhOTAqoO,https://www.instagram.com/p/BeIuhOTAqoO/,"Nikmatin aja,,idup cuma sekali ini.. #genpilampung#lampunggham#lampung#kelilinglampung#ilovelampung#lampungkeren#explorelampung#visitlampung#instalampung#lampunginsta#mtmalampung#lampungevent#lampungpunyacerita#insidelampung#lampunggeh#bandarlampung#radenintan#lampungselatan#lamsel#sumatera#mytripmyadventure#pesonaindonesia#exloreindonesian#pesonalamsel#indonesia_photography#indonesia#provinsilampung#lampunggeh#travelling_indonesiaku#GoneVacations",2018-01-19 15:38:29,,44
BeHkx7dgFWT,https://www.instagram.com/p/BeHkx7dgFWT/,"Lampung itu..??
Menurut kamu,,lampung itu provinsi Ter - apa..?? #genpilampung#lampunggham#lampung#kelilinglampung#ilovelampung#lampungkeren#explorelampung#visitlampung#instalampung#lampunginsta#mtmalampung#lampungevent#lampungpunyacerita#insidelampung#lampunggeh#bandarlampung#radenintan#lampungselatan#lamsel#sumatera#mytripmyadventure#pesonaindonesia#exloreindonesian#pesonalamsel#indonesia_photography#indonesia#provinsilampung#lampunggeh#travelling_indonesiaku#GoneVacations",2018-01-19 04:54:09,,93
Bd5FhaQAH7f,https://www.instagram.com/p/Bd5FhaQAH7f/,"Penampilan ""Tari Kiamat""
Keratuan Darah Putih - Lampung Selatan.
Dalam Acara ""Care Of Lampung""
-Tempat: GSG UNILA (Universitas Lampung).
Di bawakan Sanggar Intan Desa Kuripan Kec.Penengahan Lam-Sel.
(12/01/18)

#genpilampung#lampunggham#lampung#kelilinglampung#ilovelampung#lampungkeren#explorelampung#visitlampung#instalampung#lampunginsta#mtmalampung#lampungevent#lampungpunyacerita#insidelampung#lampunggeh#bandarlampung#radenintan#lampungselatan#lamsel#sumatera#mytripmyadventure#pesonaindonesia#exloreindonesian#pesonalamsel#indonesia_photography#indonesia#provinsilampung#lampunggeh#travelling_indonesiaku#GoneVacations",2018-01-13 14:42:55,,83
Bd0Whi7gOAq,https://www.instagram.com/p/Bd0Whi7gOAq/,"#lampungutara
#genpilampung#lampunggham#lampung#kelilinglampung#ilovelampung#lampungkeren#explorelampung#visitlampung#instalampung#lampunginsta#mtmalampung#lampungevent#lampungpunyacerita#insidelampung#lampunggeh#radenintan #sumatera#mytripmyadventure#pesonaindonesia#exloreindonesian#pesonalamsel#indonesia_photography#indonesia#provinsilampung#lampunggeh#travelling_indonesiaku#GoneVacations",2018-01-11 17:44:00,,83
Bdu-TC0gH0P,https://www.instagram.com/p/Bdu-TC0gH0P/,#genpilampung#lampunggham#lampung#kelilinglampung#ilovelampung#lampungkeren#explorelampung#visitlampung#instalampung#lampunginsta#mtmalampung#lampungevent#lampungpunyacerita#insidelampung#lampunggeh#bandarlampung#radenintan#lampungselatan#lamsel#sumatera#mytripmyadventure#pesonaindonesia#exloreindonesian#pesonalamsel#indonesia_photography#indonesia#provinsilampung#lampunggeh#travelling_indonesiaku#GoneVacations,2018-01-09 15:36:06,,47
Bdq-Q48A-zG,https://www.instagram.com/p/Bdq-Q48A-zG/,#genpilampung#lampunggham#lampung#kelilinglampung#ilovelampung#lampungkeren#explorelampung#visitlampung#instalampung#lampunginsta#mtmalampung#lampungevent#lampungpunyacerita#insidelampung#lampunggeh#bandarlampung#radenintan#lampungselatan#lamsel#sumatera#mytripmyadventure#pesonaindonesia#exloreindonesian#pesonalamsel#indonesia_photography#indonesia#provinsilampung#lampunggeh#travelling_indonesiaku#GoneVacations,2018-01-08 02:38:02,,51
Bdh_3sIlwMm,https://www.instagram.com/p/Bdh_3sIlwMm/,"Mimpi yang Anda mimpikan sendiri hanyalah mimpi. 
Mimpi yang dimimpikan bersama adalah kenyataan.
.
.""Share The Wonderful of Lampung To The World""
.
.
Ayo berkunjung kesini😀
.
.
📌Pantai Minang Rua Bahari, Desa Kelawi Kec.Bakauheni, Lamsel.
.
.
#Pokdarwis
#Minangrua Bahari
#PesonaLamsel
#PesonaPantaiMinangRua
#Bakauheni
#desakuindah
#PariwisataLampung
#VisitLampung
#GenpiLampung
#lampung
#LampungGeh
#LampungInsta
#JalanJalandiLampung
#KelilingLampung
#iniLampungYay .
.
(Ingin Privat Trip : WA 082183664157)",2018-01-04 14:40:45,,54
Bdh8mmzBjI3,https://www.instagram.com/p/Bdh8mmzBjI3/,"Mimpi yang Anda mimpikan sendiri hanyalah mimpi. 
Mimpi yang dimimpikan bersama adalah kenyataan.
.
.""Share The Wonderful of Lampung To The World""
.
.
Ayo berkunjung kesini😀
.
.
📌Pantai Minang Rua Bahari, Desa Kelawi Kec.Bakauheni, Lamsel.
.
.
#Pokdarwis
#MinangruaBahari
#PesonaLamsel
#PesonaPantaiMinangRua
#Bakauheni
#desakuindah
#PariwisataLampung
#VisitLampung
#GenpiLampung
(Ingin Privat Trip : WA 082183664157)",2018-01-04 14:12:13,,135
BdhaJFOFzIl,https://www.instagram.com/p/BdhaJFOFzIl/,"#Repost @mr_peenn (@get_repost)
・・・
""Senja, aku pulang ke desa""
.
Inilah negeriku Indonesia dan keanekaragaman budayanya.  Dan masih banyak lagi di tempat2 lainnya. .
""Share The Wonderful of Lampung To The World""
.
.
Ayo berkunjung kesini😀
.
.
📌Pantai Minang Rua Bahari, Bakauheni, Lamsel.
.
.
#PesonaLamsel
#PesonaPantaiMinangRua
#Bakauheni
#desakuindah
#PariwisataLampung
#VisitLampung
#GenpiLampung
#lampung
#LampungGeh
#LampungInsta
#JalanJalandiLampung
#KelilingLampung
#iniLampungYay
#PotretLampung
#Ilovelampung
#LampungGham
#AlwaysLampung
#ParaPejalanLampung
#Selampung
#Thisislampung
#indozonetravel #ayodolan #indonesiarepost 
#indoflashight
#indotravellers #id_pejalan
#idpetualang #folkindonesia #indonesiantraveler
.
.
(Ingin Privat Trip : WA 089631308783)",2018-01-04 09:10:03,,48
BdSxKdlhuHr,https://www.instagram.com/p/BdSxKdlhuHr/,"#Repost @khaja_muda_lampung (@get_repost)
・・・
Apa salahnya bermimpi ?....
Karna saya punyai impian & mudah-mudah terwujud.
Setiap rumah,pertokoan,perkantoran baik swasta & pemerintah,taman umum,tempat wisata,hotel,dan tempat2 umum lainnya di Lampung khususnya di Lam-Sel,, memasang/menambah plang nama dengan ""Aksara Lampung"".
Secara tidak langsung,,plang aksara lampung tersebut akan menambah ke-ciri khasan tersendiri selain plang siger. Selain itu juga plang aksara lampung tersebut sebagai salah satu bentuk nyata pelestarian budaya & seni sastra lampung.
Seehhingga generasi peneruspun bisa lebih banyak belajar langsung tentang aksara lampung,,agar aksara tersebut tidak punah di telan zaman.
Tak harus mahal,,plang-plang tersebut bisa di buat dari bekas-bekas kayu yg tak terpakai atau bahan lainnya.
Apa lagi di tempat wisata,,plang aksara lampung bisa menjadi daya tarik tersendiri.
_Sederhana Namun Bermanfaat_

Alamat:
Jl. Lama 
No.26 Rt.02/01 Desa Kuripan
Kec.Penengahan Lampung Selatan
35592
Raja Muda : 082379617238
*kami menerima donasi buku.

#genpilampung#lampunggham#lampung#kelilinglampung#ilovelampung#lampungkeren#explorelampung#visitlampung#instalampung#lampunginsta#mtmalampung#lampungevent#lampungpunyacerita#insidelampung#lampunggeh#bandarlampung#radenintan#lampungselatan#lamsel#sumatera#mytripmyadventure#pesonaindonesia#exloreindonesian#pesonalamsel#indonesia_photography#indonesia#provinsilampung#lampunggeh#travelling_indonesiaku#GoneVacations",2017-12-29 16:42:36,,27
BdA1IcQg7Zr,https://www.instagram.com/p/BdA1IcQg7Zr/,"Ada yang tau ini di mana??
ini di samping Taman Demokrasi..
#lampungutara #genpilampung#lampunggham#lampung#kelilinglampung#ilovelampung#lampungkeren#explorelampung#visitlampung#instalampung#lampunginsta#mtmalampung#lampungevent#lampungpunyacerita#insidelampung#lampunggeh#bandarlampung#radenintan#sumatera#mytripmyadventure#pesonaindonesia#exloreindonesian#pesonalamsel#indonesia_photography#indonesia#provinsilampung#lampunggeh#travelling_indonesiaku#GoneVacations",2017-12-22 17:30:57,,69
BdAx7lfggpe,https://www.instagram.com/p/BdAx7lfggpe/,"Saya itu Tukang Serpis Komputer..
Kalok ada yang mau serpis komputer,,silahkan dateng ke tempat saya.
ABARR COM
Jl. Cindar Bumi no.307
Way Urang-Lakar.
Kalianda - Lampung Selatan
082379617238

#genpilampung#lampunggham#lampung#kelilinglampung#ilovelampung#lampungkeren#explorelampung#visitlampung#instalampung#lampunginsta#mtmalampung#lampungevent#lampungpunyacerita#insidelampung#lampunggeh#bandarlampung#radenintan#lampungselatan#lamsel#sumatera#mytripmyadventure#pesonaindonesia#exloreindonesian#pesonalamsel#indonesia_photography#indonesia#provinsilampung#lampunggeh#travelling_indonesiaku#GoneVacations",2017-12-22 17:02:59,,83
Bc-XAGzgkqH,https://www.instagram.com/p/Bc-XAGzgkqH/,"""Cinta Ini Membunuhku""

#genpilampung#lampunggham#lampung#kelilinglampung#ilovelampung#lampungkeren#explorelampung#visitlampung#instalampung#lampunginsta#mtmalampung#lampungevent#lampungpunyacerita#insidelampung#lampunggeh#bandarlampung#radenintan#lampungselatan#lamsel#sumatera#mytripmyadventure#pesonaindonesia#exloreindonesian#pesonalamsel#indonesia_photography#indonesia#provinsilampung#lampunggeh#travelling_indonesiaku#GoneVacations",2017-12-21 18:29:11,,81
Bc7xkziAb6L,https://www.instagram.com/p/Bc7xkziAb6L/,#genpilampung#lampunggham#lampung#kelilinglampung#ilovelampung#lampungkeren#explorelampung#visitlampung#instalampung#lampunginsta#mtmalampung#lampungevent#lampungpunyacerita#insidelampung#lampunggeh#bandarlampung#radenintan#lampungselatan#lamsel#sumatera#mytripmyadventure#pesonaindonesia#exloreindonesian#pesonalamsel#indonesia_photography#indonesia#provinsilampung#lampunggeh#travelling_indonesiaku#GoneVacations,2017-12-20 18:23:40,,57
